{"cameraMode":{"drawMode":0,"name":"Shaded","section":"Shading Mode"},"sceneLighting":true,"audioPlay":false,"sceneViewState":{"showFog":true,"showMaterialUpdate":false,"showSkybox":true,"showFlares":true,"showImageEffects":true,"showParticleSystems":true},"in2DMode":false,"pivot":{"x":25.56005859375,"y":19.1697998046875,"z":-15.4306640625},"rotation":{"x":-0.027467265725135804,"y":0.0973086804151535,"z":0.0026860921643674375,"w":0.9948715567588806},"size":30.290475845336915,"orthographic":true}