{"cameraMode":{"drawMode":0,"name":"Shaded","section":"Shading Mode"},"sceneLighting":false,"audioPlay":false,"sceneViewState":{"showFog":true,"showMaterialUpdate":false,"showSkybox":true,"showFlares":true,"showImageEffects":true,"showParticleSystems":true},"in2DMode":false,"pivot":{"x":0.1250002384185791,"y":-5.960464477539063e-8,"z":0.0},"rotation":{"x":-0.13786005973815919,"y":-0.01129368506371975,"z":0.0015720900846645237,"w":-0.9903860688209534},"size":4.226868152618408,"orthographic":false}